invoice_id,customer_id,invoice_date,billing_address,billing_city,billing_state,billing_country,billing_postal_code,total
1,18,2017-01-03,627 Broadway,New York,NY,USA,10012-2612,15.84
2,30,2017-01-03,230 Elgin Street,Ottawa,ON,Canada,K2P 1L7,9.9
3,40,2017-01-05,8 Rue Hanovre,Paris,None,France,75002,1.98
4,18,2017-01-06,627 Broadway,New York,NY,USA,10012-2612,7.92
5,27,2017-01-07,1033 N Park Ave,Tucson,AZ,USA,85719,16.83
6,31,2017-01-10,194A Chain Lake Drive,Halifax,NS,Canada,B3S 1C5,1.98
7,49,2017-01-12,Ordynacka 10,Warsaw,None,Poland,00-358,10.89
8,59,2017-01-13,3Raj Bhavan Road,Bangalore,None,India,560001,9.9
9,18,2017-01-18,627 Broadway,New York,NY,USA,10012-2612,8.91
10,31,2017-01-18,194A Chain Lake Drive,Halifax,NS,Canada,B3S 1C5,1.98
11,38,2017-01-20,Barbarossastraße 19,Berlin,None,Germany,10779,10.89
12,42,2017-01-21,9 Place Louis Barthou,Bordeaux,None,France,33000,3.96
13,35,2017-01-22,Rua dos Campeões Europeus de Viena 4350,Porto,None,Portugal,None,0.99
14,25,2017-01-23,319 N. Frances Street,Madison,WI,USA,53703,0.99
15,44,2017-01-25,Porthaninkatu 9,Helsinki,None,Finland,530,3.96
16,1,2017-01-26,Av. Brigadeiro Faria Lima 2170,São José dos Campos,SP,Brazil,12227-000,8.91
17,20,2017-01-28,541 Del Medio Avenue,Mountain View,CA,USA,94040-111,10.89
18,24,2017-02-02,162 E Superior Street,Chicago,IL,USA,60611,4.95
19,10,2017-02-06,Rua Dr. Falcão Filho 155,São Paulo,SP,Brazil,01007-010,6.93
20,43,2017-02-06,68 Rue Jouvence,Dijon,None,France,21000,9.9
21,9,2017-02-07,Sønder Boulevard 51,Copenhagen,None,Denmark,1720,8.91
22,35,2017-02-08,Rua dos Campeões Europeus de Viena 4350,Porto,None,Portugal,None,1.98
23,53,2017-02-09,113 Lupus St,London,None,United Kingdom,SW1V 3EN,9.9
24,4,2017-02-10,Ullevålsveien 14,Oslo,None,Norway,171,11.88
25,39,2017-02-11,4 Rue Milton,Paris,None,France,75009,7.92
26,55,2017-02-15,421 Bourke Street,Sidney,NSW,Australia,2010,1.98
27,35,2017-02-15,Rua dos Campeões Europeus de Viena 4350,Porto,None,Portugal,None,7.92
28,12,2017-02-17,Praça Pio X 119,Rio de Janeiro,RJ,Brazil,20040-020,2.97
29,45,2017-02-17,Erzsébet krt. 58.,Budapest,None,Hungary,H-1073,5.94
30,46,2017-02-18,3 Chatham Street,Dublin,Dublin,Ireland,None,10.89
31,3,2017-02-21,1498 rue Bélanger,Montréal,QC,Canada,H2G 1A7,19.8
32,30,2017-02-21,230 Elgin Street,Ottawa,ON,Canada,K2P 1L7,12.87
33,58,2017-02-21,12Community Centre,Delhi,None,India,110017,3.96
34,33,2017-02-23,5112 48 Street,Yellowknife,NT,Canada,X1A 1N6,0.99
35,34,2017-02-25,Rua da Assunção 53,Lisbon,None,Portugal,None,4.95
36,51,2017-02-27,Celsiusg. 9,Stockholm,None,Sweden,11230,6.93
37,59,2017-03-05,3Raj Bhavan Road,Bangalore,None,India,560001,9.9
38,49,2017-03-05,Ordynacka 10,Warsaw,None,Poland,00-358,6.93
39,39,2017-03-12,4 Rue Milton,Paris,None,France,75009,7.92
40,37,2017-03-13,Berger Straße 10,Frankfurt,None,Germany,60316,9.9
41,50,2017-03-17,C/ San Bernardo 85,Madrid,None,Spain,28015,7.92
42,19,2017-03-18,1 Infinite Loop,Cupertino,CA,USA,95014,8.91
43,22,2017-03-19,120 S Orange Ave,Orlando,FL,USA,32801,6.93
44,21,2017-03-20,801 W 4th Street,Reno,NV,USA,89503,11.88
45,36,2017-03-24,Tauentzienstraße 8,Berlin,None,Germany,10789,7.92
46,4,2017-03-24,Ullevålsveien 14,Oslo,None,Norway,171,10.89
47,57,2017-03-25,Calle Lira 198,Santiago,None,Chile,None,5.94
48,44,2017-03-28,Porthaninkatu 9,Helsinki,None,Finland,530,3.96
49,10,2017-03-30,Rua Dr. Falcão Filho 155,São Paulo,SP,Brazil,01007-010,4.95
50,18,2017-04-02,627 Broadway,New York,NY,USA,10012-2612,6.93
51,19,2017-04-03,1 Infinite Loop,Cupertino,CA,USA,95014,7.92
52,19,2017-04-11,1 Infinite Loop,Cupertino,CA,USA,95014,11.88
53,43,2017-04-12,68 Rue Jouvence,Dijon,None,France,21000,2.97
54,26,2017-04-13,2211 W Berry Street,Fort Worth,TX,USA,76110,17.82
55,33,2017-04-16,5112 48 Street,Yellowknife,NT,Canada,X1A 1N6,9.9
56,34,2017-04-22,Rua da Assunção 53,Lisbon,None,Portugal,None,16.83
57,19,2017-04-22,1 Infinite Loop,Cupertino,CA,USA,95014,0.99
58,9,2017-04-23,Sønder Boulevard 51,Copenhagen,None,Denmark,1720,5.94
59,38,2017-04-24,Barbarossastraße 19,Berlin,None,Germany,10779,10.89
60,15,2017-04-24,700 W Pender Street,Vancouver,BC,Canada,V6C 1G8,7.92
61,59,2017-04-24,3Raj Bhavan Road,Bangalore,None,India,560001,11.88
62,9,2017-04-25,Sønder Boulevard 51,Copenhagen,None,Denmark,1720,2.97
63,31,2017-04-25,194A Chain Lake Drive,Halifax,NS,Canada,B3S 1C5,5.94
64,52,2017-04-25,202 Hoxton Street,London,None,United Kingdom,N1 5LH,12.87
65,47,2017-04-26,Via Degli Scipioni 43,Rome,RM,Italy,192,1.98
66,16,2017-04-29,1600 Amphitheatre Parkway,Mountain View,CA,USA,94043-1351,6.93
67,39,2017-05-01,4 Rue Milton,Paris,None,France,75009,10.89
68,57,2017-05-01,Calle Lira 198,Santiago,None,Chile,None,10.89
69,2,2017-05-09,Theodor-Heuss-Straße 34,Stuttgart,None,Germany,70174,13.86
70,31,2017-05-13,194A Chain Lake Drive,Halifax,NS,Canada,B3S 1C5,0.99
71,3,2017-05-17,1498 rue Bélanger,Montréal,QC,Canada,H2G 1A7,16.83
72,47,2017-05-18,Via Degli Scipioni 43,Rome,RM,Italy,192,2.97
73,13,2017-05-18,Qe 7 Bloco G,Brasília,DF,Brazil,71020-677,14.85
74,26,2017-05-18,2211 W Berry Street,Fort Worth,TX,USA,76110,1.98
75,16,2017-05-24,1600 Amphitheatre Parkway,Mountain View,CA,USA,94043-1351,3.96
76,40,2017-05-26,8 Rue Hanovre,Paris,None,France,75002,12.87
77,1,2017-05-28,Av. Brigadeiro Faria Lima 2170,São José dos Campos,SP,Brazil,12227-000,5.94
78,5,2017-05-29,Klanova 9/506,Prague,None,Czech Republic,14700,8.91
79,36,2017-06-08,Tauentzienstraße 8,Berlin,None,Germany,10789,13.86
80,13,2017-06-08,Qe 7 Bloco G,Brasília,DF,Brazil,71020-677,0.99
81,4,2017-06-12,Ullevålsveien 14,Oslo,None,Norway,171,5.94
82,58,2017-06-13,12Community Centre,Delhi,None,India,110017,6.93
83,22,2017-06-15,120 S Orange Ave,Orlando,FL,USA,32801,3.96
84,48,2017-06-15,Lijnbaansgracht 120bg,Amsterdam,VV,Netherlands,1016,11.88
85,33,2017-06-17,5112 48 Street,Yellowknife,NT,Canada,X1A 1N6,4.95
86,46,2017-06-18,3 Chatham Street,Dublin,Dublin,Ireland,None,0.99
87,30,2017-06-20,230 Elgin Street,Ottawa,ON,Canada,K2P 1L7,7.92
88,31,2017-06-21,194A Chain Lake Drive,Halifax,NS,Canada,B3S 1C5,4.95
89,21,2017-06-23,801 W 4th Street,Reno,NV,USA,89503,1.98
90,55,2017-06-28,421 Bourke Street,Sidney,NSW,Australia,2010,10.89
91,36,2017-07-01,Tauentzienstraße 8,Berlin,None,Germany,10789,10.89
92,32,2017-07-02,696 Osborne Street,Winnipeg,MB,Canada,R3L 2B9,19.8
93,42,2017-07-05,9 Place Louis Barthou,Bordeaux,None,France,33000,9.9
94,51,2017-07-08,Celsiusg. 9,Stockholm,None,Sweden,11230,7.92
95,45,2017-07-10,Erzsébet krt. 58.,Budapest,None,Hungary,H-1073,10.89
96,53,2017-07-17,113 Lupus St,London,None,United Kingdom,SW1V 3EN,5.94
97,8,2017-07-22,Grétrystraat 63,Brussels,None,Belgium,1000,5.94
98,17,2017-07-23,1 Microsoft Way,Redmond,WA,USA,98052-8300,9.9
99,55,2017-07-28,421 Bourke Street,Sidney,NSW,Australia,2010,17.82
100,58,2017-07-31,12Community Centre,Delhi,None,India,110017,5.94
101,20,2017-07-31,541 Del Medio Avenue,Mountain View,CA,USA,94040-111,3.96
102,8,2017-08-02,Grétrystraat 63,Brussels,None,Belgium,1000,9.9
103,39,2017-08-03,4 Rue Milton,Paris,None,France,75009,5.94
104,4,2017-08-06,Ullevålsveien 14,Oslo,None,Norway,171,1.98
105,31,2017-08-12,194A Chain Lake Drive,Halifax,NS,Canada,B3S 1C5,7.92
106,54,2017-08-19,110 Raeburn Pl,Edinburgh ,None,United Kingdom,EH4 1HH,7.92
107,32,2017-08-21,696 Osborne Street,Winnipeg,MB,Canada,R3L 2B9,10.89
108,30,2017-08-27,230 Elgin Street,Ottawa,ON,Canada,K2P 1L7,4.95
109,22,2017-08-29,120 S Orange Ave,Orlando,FL,USA,32801,10.89
110,15,2017-08-29,700 W Pender Street,Vancouver,BC,Canada,V6C 1G8,5.94
111,13,2017-08-30,Qe 7 Bloco G,Brasília,DF,Brazil,71020-677,4.95
112,6,2017-08-31,Rilská 3174/6,Prague,None,Czech Republic,14300,16.83
113,13,2017-09-01,Qe 7 Bloco G,Brasília,DF,Brazil,71020-677,9.9
114,12,2017-09-05,Praça Pio X 119,Rio de Janeiro,RJ,Brazil,20040-020,16.83
115,50,2017-09-08,C/ San Bernardo 85,Madrid,None,Spain,28015,8.91
116,6,2017-09-08,Rilská 3174/6,Prague,None,Czech Republic,14300,10.89
117,44,2017-09-10,Porthaninkatu 9,Helsinki,None,Finland,530,10.89
118,28,2017-09-10,302 S 700 E,Salt Lake City,UT,USA,84102,0.99
119,5,2017-09-12,Klanova 9/506,Prague,None,Czech Republic,14700,1.98
120,29,2017-09-19,796 Dundas Street West,Toronto,ON,Canada,M6J 1V1,5.94
121,59,2017-09-20,3Raj Bhavan Road,Bangalore,None,India,560001,8.91
122,9,2017-09-21,Sønder Boulevard 51,Copenhagen,None,Denmark,1720,4.95
123,7,2017-09-23,Rotenturmstraße 4 1010 Innere Stadt,Vienne,None,Austria,1010,11.88
124,8,2017-09-25,Grétrystraat 63,Brussels,None,Belgium,1000,5.94
125,3,2017-09-29,1498 rue Bélanger,Montréal,QC,Canada,H2G 1A7,9.9
126,32,2017-10-07,696 Osborne Street,Winnipeg,MB,Canada,R3L 2B9,3.96
127,35,2017-10-08,Rua dos Campeões Europeus de Viena 4350,Porto,None,Portugal,None,10.89
128,17,2017-10-12,1 Microsoft Way,Redmond,WA,USA,98052-8300,6.93
129,17,2017-10-16,1 Microsoft Way,Redmond,WA,USA,98052-8300,10.89
130,13,2017-10-19,Qe 7 Bloco G,Brasília,DF,Brazil,71020-677,3.96
131,2,2017-10-21,Theodor-Heuss-Straße 34,Stuttgart,None,Germany,70174,2.97
132,14,2017-10-22,8210 111 ST NW,Edmonton,AB,Canada,T6G 2C7,1.98
133,35,2017-10-22,Rua dos Campeões Europeus de Viena 4350,Porto,None,Portugal,None,9.9
134,2,2017-10-23,Theodor-Heuss-Straße 34,Stuttgart,None,Germany,70174,7.92
135,11,2017-10-25,Av. Paulista 2022,São Paulo,SP,Brazil,01310-200,2.97
136,33,2017-10-29,5112 48 Street,Yellowknife,NT,Canada,X1A 1N6,3.96
137,34,2017-10-29,Rua da Assunção 53,Lisbon,None,Portugal,None,1.98
138,33,2017-10-30,5112 48 Street,Yellowknife,NT,Canada,X1A 1N6,10.89
139,23,2017-11-03,69 Salem Street,Boston,MA,USA,2113,4.95
140,58,2017-11-06,12Community Centre,Delhi,None,India,110017,7.92
141,45,2017-11-07,Erzsébet krt. 58.,Budapest,None,Hungary,H-1073,17.82
142,15,2017-11-10,700 W Pender Street,Vancouver,BC,Canada,V6C 1G8,14.85
143,25,2017-11-10,319 N. Frances Street,Madison,WI,USA,53703,4.95
144,33,2017-11-18,5112 48 Street,Yellowknife,NT,Canada,X1A 1N6,2.97
145,28,2017-11-22,302 S 700 E,Salt Lake City,UT,USA,84102,4.95
146,58,2017-11-22,12Community Centre,Delhi,None,India,110017,12.87
147,19,2017-11-28,1 Infinite Loop,Cupertino,CA,USA,95014,4.95
148,42,2017-11-30,9 Place Louis Barthou,Bordeaux,None,France,33000,8.91
149,1,2017-11-30,Av. Brigadeiro Faria Lima 2170,São José dos Campos,SP,Brazil,12227-000,8.91
150,22,2017-12-01,120 S Orange Ave,Orlando,FL,USA,32801,2.97
151,35,2017-12-06,Rua dos Campeões Europeus de Viena 4350,Porto,None,Portugal,None,2.97
152,12,2017-12-12,Praça Pio X 119,Rio de Janeiro,RJ,Brazil,20040-020,5.94
153,1,2017-12-14,Av. Brigadeiro Faria Lima 2170,São José dos Campos,SP,Brazil,12227-000,13.86
154,39,2017-12-17,4 Rue Milton,Paris,None,France,75009,2.97
155,59,2018-01-02,3Raj Bhavan Road,Bangalore,None,India,560001,8.91
156,10,2018-01-03,Rua Dr. Falcão Filho 155,São Paulo,SP,Brazil,01007-010,10.89
157,57,2018-01-04,Calle Lira 198,Santiago,None,Chile,None,0.99
158,57,2018-01-07,Calle Lira 198,Santiago,None,Chile,None,5.94
159,20,2018-01-08,541 Del Medio Avenue,Mountain View,CA,USA,94040-111,5.94
160,41,2018-01-09,11 Place Bellecour,Lyon,None,France,69002,8.91
161,24,2018-01-13,162 E Superior Street,Chicago,IL,USA,60611,7.92
162,2,2018-01-15,Theodor-Heuss-Straße 34,Stuttgart,None,Germany,70174,8.91
163,6,2018-01-16,Rilská 3174/6,Prague,None,Czech Republic,14300,8.91
164,49,2018-01-20,Ordynacka 10,Warsaw,None,Poland,00-358,3.96
165,41,2018-01-21,11 Place Bellecour,Lyon,None,France,69002,7.92
166,17,2018-01-21,1 Microsoft Way,Redmond,WA,USA,98052-8300,9.9
167,21,2018-01-25,801 W 4th Street,Reno,NV,USA,89503,5.94
168,47,2018-01-27,Via Degli Scipioni 43,Rome,RM,Italy,192,5.94
169,21,2018-01-28,801 W 4th Street,Reno,NV,USA,89503,8.91
170,45,2018-01-28,Erzsébet krt. 58.,Budapest,None,Hungary,H-1073,9.9
171,53,2018-01-30,113 Lupus St,London,None,United Kingdom,SW1V 3EN,12.87
172,33,2018-01-31,5112 48 Street,Yellowknife,NT,Canada,X1A 1N6,7.92
173,5,2018-01-31,Klanova 9/506,Prague,None,Czech Republic,14700,10.89
174,48,2018-01-31,Lijnbaansgracht 120bg,Amsterdam,VV,Netherlands,1016,6.93
175,39,2018-01-31,4 Rue Milton,Paris,None,France,75009,17.82
176,46,2018-01-31,3 Chatham Street,Dublin,Dublin,Ireland,None,6.93
177,47,2018-02-01,Via Degli Scipioni 43,Rome,RM,Italy,192,1.98
178,9,2018-02-02,Sønder Boulevard 51,Copenhagen,None,Denmark,1720,2.97
179,25,2018-02-03,319 N. Frances Street,Madison,WI,USA,53703,9.9
180,46,2018-02-05,3 Chatham Street,Dublin,Dublin,Ireland,None,9.9
181,45,2018-02-06,Erzsébet krt. 58.,Budapest,None,Hungary,H-1073,6.93
182,1,2018-02-07,Av. Brigadeiro Faria Lima 2170,São José dos Campos,SP,Brazil,12227-000,5.94
183,42,2018-02-09,9 Place Louis Barthou,Bordeaux,None,France,33000,23.76
184,1,2018-02-09,Av. Brigadeiro Faria Lima 2170,São José dos Campos,SP,Brazil,12227-000,0.99
185,21,2018-02-10,801 W 4th Street,Reno,NV,USA,89503,8.91
186,11,2018-02-10,Av. Paulista 2022,São Paulo,SP,Brazil,01310-200,2.97
187,18,2018-02-18,627 Broadway,New York,NY,USA,10012-2612,6.93
188,13,2018-02-20,Qe 7 Bloco G,Brasília,DF,Brazil,71020-677,10.89
189,13,2018-02-21,Qe 7 Bloco G,Brasília,DF,Brazil,71020-677,3.96
190,51,2018-02-21,Celsiusg. 9,Stockholm,None,Sweden,11230,4.95
191,51,2018-02-22,Celsiusg. 9,Stockholm,None,Sweden,11230,3.96
192,28,2018-02-25,302 S 700 E,Salt Lake City,UT,USA,84102,8.91
193,41,2018-02-26,11 Place Bellecour,Lyon,None,France,69002,1.98
194,34,2018-02-27,Rua da Assunção 53,Lisbon,None,Portugal,None,0.99
195,27,2018-03-02,1033 N Park Ave,Tucson,AZ,USA,85719,10.89
196,37,2018-03-02,Berger Straße 10,Frankfurt,None,Germany,60316,9.9
197,46,2018-03-05,3 Chatham Street,Dublin,Dublin,Ireland,None,10.89
198,13,2018-03-05,Qe 7 Bloco G,Brasília,DF,Brazil,71020-677,10.89
199,20,2018-03-08,541 Del Medio Avenue,Mountain View,CA,USA,94040-111,2.97
200,24,2018-03-08,162 E Superior Street,Chicago,IL,USA,60611,7.92
201,39,2018-03-11,4 Rue Milton,Paris,None,France,75009,11.88
202,25,2018-03-13,319 N. Frances Street,Madison,WI,USA,53703,1.98
203,38,2018-03-16,Barbarossastraße 19,Berlin,None,Germany,10779,9.9
204,20,2018-03-17,541 Del Medio Avenue,Mountain View,CA,USA,94040-111,10.89
205,4,2018-03-20,Ullevålsveien 14,Oslo,None,Norway,171,9.9
206,11,2018-03-21,Av. Paulista 2022,São Paulo,SP,Brazil,01310-200,4.95
207,17,2018-03-21,1 Microsoft Way,Redmond,WA,USA,98052-8300,3.96
208,4,2018-03-22,Ullevålsveien 14,Oslo,None,Norway,171,5.94
209,27,2018-03-25,1033 N Park Ave,Tucson,AZ,USA,85719,3.96
210,2,2018-03-25,Theodor-Heuss-Straße 34,Stuttgart,None,Germany,70174,10.89
211,51,2018-03-26,Celsiusg. 9,Stockholm,None,Sweden,11230,8.91
212,45,2018-03-31,Erzsébet krt. 58.,Budapest,None,Hungary,H-1073,11.88
213,53,2018-04-01,113 Lupus St,London,None,United Kingdom,SW1V 3EN,10.89
214,57,2018-04-03,Calle Lira 198,Santiago,None,Chile,None,4.95
215,26,2018-04-04,2211 W Berry Street,Fort Worth,TX,USA,76110,1.98
216,49,2018-04-14,Ordynacka 10,Warsaw,None,Poland,00-358,4.95
217,27,2018-04-17,1033 N Park Ave,Tucson,AZ,USA,85719,9.9
218,56,2018-04-19,307 Macacha Güemes,Buenos Aires,None,Argentina,1106,8.91
219,20,2018-04-21,541 Del Medio Avenue,Mountain View,CA,USA,94040-111,2.97
220,59,2018-04-25,3Raj Bhavan Road,Bangalore,None,India,560001,8.91
221,35,2018-04-25,Rua dos Campeões Europeus de Viena 4350,Porto,None,Portugal,None,7.92
222,2,2018-04-29,Theodor-Heuss-Straße 34,Stuttgart,None,Germany,70174,1.98
223,1,2018-05-04,Av. Brigadeiro Faria Lima 2170,São José dos Campos,SP,Brazil,12227-000,17.82
224,34,2018-05-06,Rua da Assunção 53,Lisbon,None,Portugal,None,9.9
225,7,2018-05-08,Rotenturmstraße 4 1010 Innere Stadt,Vienne,None,Austria,1010,5.94
226,42,2018-05-12,9 Place Louis Barthou,Bordeaux,None,France,33000,10.89
227,52,2018-05-16,202 Hoxton Street,London,None,United Kingdom,N1 5LH,9.9
228,57,2018-05-16,Calle Lira 198,Santiago,None,Chile,None,3.96
229,15,2018-05-19,700 W Pender Street,Vancouver,BC,Canada,V6C 1G8,2.97
230,54,2018-05-21,110 Raeburn Pl,Edinburgh ,None,United Kingdom,EH4 1HH,7.92
231,19,2018-05-27,1 Infinite Loop,Cupertino,CA,USA,95014,2.97
232,57,2018-05-29,Calle Lira 198,Santiago,None,Chile,None,3.96
233,14,2018-06-01,8210 111 ST NW,Edmonton,AB,Canada,T6G 2C7,5.94
234,36,2018-06-01,Tauentzienstraße 8,Berlin,None,Germany,10789,0.99
235,5,2018-06-06,Klanova 9/506,Prague,None,Czech Republic,14700,6.93
236,35,2018-06-08,Rua dos Campeões Europeus de Viena 4350,Porto,None,Portugal,None,2.97
237,52,2018-06-13,202 Hoxton Street,London,None,United Kingdom,N1 5LH,15.84
238,46,2018-06-14,3 Chatham Street,Dublin,Dublin,Ireland,None,9.9
239,38,2018-06-16,Barbarossastraße 19,Berlin,None,Germany,10779,15.84
240,10,2018-06-17,Rua Dr. Falcão Filho 155,São Paulo,SP,Brazil,01007-010,2.97
241,45,2018-06-18,Erzsébet krt. 58.,Budapest,None,Hungary,H-1073,1.98
242,36,2018-06-18,Tauentzienstraße 8,Berlin,None,Germany,10789,9.9
243,6,2018-06-23,Rilská 3174/6,Prague,None,Czech Republic,14300,10.89
244,53,2018-06-23,113 Lupus St,London,None,United Kingdom,SW1V 3EN,4.95
245,20,2018-06-30,541 Del Medio Avenue,Mountain View,CA,USA,94040-111,2.97
246,58,2018-07-12,12Community Centre,Delhi,None,India,110017,8.91
247,27,2018-07-12,1033 N Park Ave,Tucson,AZ,USA,85719,10.89
248,3,2018-07-13,1498 rue Bélanger,Montréal,QC,Canada,H2G 1A7,6.93
249,12,2018-07-14,Praça Pio X 119,Rio de Janeiro,RJ,Brazil,20040-020,1.98
250,23,2018-07-20,69 Salem Street,Boston,MA,USA,2113,10.89
251,7,2018-07-20,Rotenturmstraße 4 1010 Innere Stadt,Vienne,None,Austria,1010,6.93
252,44,2018-07-25,Porthaninkatu 9,Helsinki,None,Finland,530,7.92
253,8,2018-07-29,Grétrystraat 63,Brussels,None,Belgium,1000,11.88
254,57,2018-07-30,Calle Lira 198,Santiago,None,Chile,None,9.9
255,46,2018-07-31,3 Chatham Street,Dublin,Dublin,Ireland,None,3.96
256,13,2018-07-31,Qe 7 Bloco G,Brasília,DF,Brazil,71020-677,4.95
257,16,2018-08-01,1600 Amphitheatre Parkway,Mountain View,CA,USA,94043-1351,10.89
258,48,2018-08-02,Lijnbaansgracht 120bg,Amsterdam,VV,Netherlands,1016,0.99
259,38,2018-08-03,Barbarossastraße 19,Berlin,None,Germany,10779,6.93
260,10,2018-08-04,Rua Dr. Falcão Filho 155,São Paulo,SP,Brazil,01007-010,7.92
261,49,2018-08-06,Ordynacka 10,Warsaw,None,Poland,00-358,8.91
262,3,2018-08-09,1498 rue Bélanger,Montréal,QC,Canada,H2G 1A7,7.92
263,36,2018-08-13,Tauentzienstraße 8,Berlin,None,Germany,10789,4.95
264,38,2018-08-15,Barbarossastraße 19,Berlin,None,Germany,10779,0.99
265,52,2018-08-18,202 Hoxton Street,London,None,United Kingdom,N1 5LH,6.93
266,44,2018-08-22,Porthaninkatu 9,Helsinki,None,Finland,530,5.94
267,9,2018-08-22,Sønder Boulevard 51,Copenhagen,None,Denmark,1720,1.98
268,16,2018-08-23,1600 Amphitheatre Parkway,Mountain View,CA,USA,94043-1351,10.89
269,43,2018-08-26,68 Rue Jouvence,Dijon,None,France,21000,0.99
270,1,2018-08-27,Av. Brigadeiro Faria Lima 2170,São José dos Campos,SP,Brazil,12227-000,10.89
271,47,2018-08-30,Via Degli Scipioni 43,Rome,RM,Italy,192,10.89
272,4,2018-08-30,Ullevålsveien 14,Oslo,None,Norway,171,8.91
273,37,2018-09-02,Berger Straße 10,Frankfurt,None,Germany,60316,16.83
274,26,2018-09-04,2211 W Berry Street,Fort Worth,TX,USA,76110,4.95
275,6,2018-09-06,Rilská 3174/6,Prague,None,Czech Republic,14300,7.92
276,22,2018-09-07,120 S Orange Ave,Orlando,FL,USA,32801,18.81
277,53,2018-09-10,113 Lupus St,London,None,United Kingdom,SW1V 3EN,4.95
278,22,2018-09-23,120 S Orange Ave,Orlando,FL,USA,32801,2.97
279,41,2018-10-01,11 Place Bellecour,Lyon,None,France,69002,4.95
280,6,2018-10-02,Rilská 3174/6,Prague,None,Czech Republic,14300,10.89
281,50,2018-10-06,C/ San Bernardo 85,Madrid,None,Spain,28015,13.86
282,20,2018-10-11,541 Del Medio Avenue,Mountain View,CA,USA,94040-111,16.83
283,48,2018-10-13,Lijnbaansgracht 120bg,Amsterdam,VV,Netherlands,1016,8.91
284,49,2018-10-16,Ordynacka 10,Warsaw,None,Poland,00-358,10.89
285,58,2018-10-25,12Community Centre,Delhi,None,India,110017,9.9
286,27,2018-10-25,1033 N Park Ave,Tucson,AZ,USA,85719,1.98
287,23,2018-11-04,69 Salem Street,Boston,MA,USA,2113,1.98
288,17,2018-11-04,1 Microsoft Way,Redmond,WA,USA,98052-8300,10.89
289,16,2018-11-06,1600 Amphitheatre Parkway,Mountain View,CA,USA,94043-1351,6.93
290,17,2018-11-18,1 Microsoft Way,Redmond,WA,USA,98052-8300,4.95
291,35,2018-11-19,Rua dos Campeões Europeus de Viena 4350,Porto,None,Portugal,None,2.97
292,4,2018-11-21,Ullevålsveien 14,Oslo,None,Norway,171,9.9
293,14,2018-11-29,8210 111 ST NW,Edmonton,AB,Canada,T6G 2C7,4.95
294,58,2018-12-02,12Community Centre,Delhi,None,India,110017,10.89
295,33,2018-12-03,5112 48 Street,Yellowknife,NT,Canada,X1A 1N6,0.99
296,1,2018-12-10,Av. Brigadeiro Faria Lima 2170,São José dos Campos,SP,Brazil,12227-000,12.87
297,22,2018-12-11,120 S Orange Ave,Orlando,FL,USA,32801,2.97
298,12,2018-12-13,Praça Pio X 119,Rio de Janeiro,RJ,Brazil,20040-020,8.91
299,30,2018-12-14,230 Elgin Street,Ottawa,ON,Canada,K2P 1L7,5.94
300,25,2018-12-15,319 N. Frances Street,Madison,WI,USA,53703,11.88
301,34,2018-12-15,Rua da Assunção 53,Lisbon,None,Portugal,None,7.92
302,40,2018-12-18,8 Rue Hanovre,Paris,None,France,75002,3.96
303,28,2018-12-21,302 S 700 E,Salt Lake City,UT,USA,84102,9.9
304,56,2018-12-23,307 Macacha Güemes,Buenos Aires,None,Argentina,1106,6.93
305,40,2018-12-26,8 Rue Hanovre,Paris,None,France,75002,14.85
306,8,2019-01-01,Grétrystraat 63,Brussels,None,Belgium,1000,10.89
307,26,2019-01-05,2211 W Berry Street,Fort Worth,TX,USA,76110,9.9
308,37,2019-01-06,Berger Straße 10,Frankfurt,None,Germany,60316,10.89
309,36,2019-01-14,Tauentzienstraße 8,Berlin,None,Germany,10789,8.91
310,22,2019-01-16,120 S Orange Ave,Orlando,FL,USA,32801,8.91
311,8,2019-01-18,Grétrystraat 63,Brussels,None,Belgium,1000,5.94
312,42,2019-01-21,9 Place Louis Barthou,Bordeaux,None,France,33000,9.9
313,30,2019-01-24,230 Elgin Street,Ottawa,ON,Canada,K2P 1L7,4.95
314,43,2019-01-29,68 Rue Jouvence,Dijon,None,France,21000,9.9
315,10,2019-01-30,Rua Dr. Falcão Filho 155,São Paulo,SP,Brazil,01007-010,4.95
316,11,2019-02-03,Av. Paulista 2022,São Paulo,SP,Brazil,01310-200,1.98
317,40,2019-02-14,8 Rue Hanovre,Paris,None,France,75002,11.88
318,43,2019-02-19,68 Rue Jouvence,Dijon,None,France,21000,7.92
319,50,2019-02-20,C/ San Bernardo 85,Madrid,None,Spain,28015,9.9
320,58,2019-02-22,12Community Centre,Delhi,None,India,110017,16.83
321,14,2019-02-23,8210 111 ST NW,Edmonton,AB,Canada,T6G 2C7,0.99
322,21,2019-02-24,801 W 4th Street,Reno,NV,USA,89503,9.9
323,23,2019-03-03,69 Salem Street,Boston,MA,USA,2113,7.92
324,57,2019-03-03,Calle Lira 198,Santiago,None,Chile,None,4.95
325,33,2019-03-04,5112 48 Street,Yellowknife,NT,Canada,X1A 1N6,9.9
326,52,2019-03-04,202 Hoxton Street,London,None,United Kingdom,N1 5LH,8.91
327,49,2019-03-05,Ordynacka 10,Warsaw,None,Poland,00-358,8.91
328,10,2019-03-08,Rua Dr. Falcão Filho 155,São Paulo,SP,Brazil,01007-010,3.96
329,9,2019-03-09,Sønder Boulevard 51,Copenhagen,None,Denmark,1720,0.99
330,22,2019-03-13,120 S Orange Ave,Orlando,FL,USA,32801,12.87
331,25,2019-03-15,319 N. Frances Street,Madison,WI,USA,53703,5.94
332,29,2019-03-15,796 Dundas Street West,Toronto,ON,Canada,M6J 1V1,9.9
333,12,2019-03-21,Praça Pio X 119,Rio de Janeiro,RJ,Brazil,20040-020,5.94
334,53,2019-03-21,113 Lupus St,London,None,United Kingdom,SW1V 3EN,14.85
335,57,2019-03-23,Calle Lira 198,Santiago,None,Chile,None,14.85
336,6,2019-03-31,Rilská 3174/6,Prague,None,Czech Republic,14300,15.84
337,7,2019-04-03,Rotenturmstraße 4 1010 Innere Stadt,Vienne,None,Austria,1010,9.9
338,58,2019-04-03,12Community Centre,Delhi,None,India,110017,4.95
339,36,2019-04-07,Tauentzienstraße 8,Berlin,None,Germany,10789,7.92
340,48,2019-04-08,Lijnbaansgracht 120bg,Amsterdam,VV,Netherlands,1016,2.97
341,5,2019-04-09,Klanova 9/506,Prague,None,Czech Republic,14700,11.88
342,3,2019-04-13,1498 rue Bélanger,Montréal,QC,Canada,H2G 1A7,2.97
343,2,2019-04-13,Theodor-Heuss-Straße 34,Stuttgart,None,Germany,70174,5.94
344,3,2019-04-15,1498 rue Bélanger,Montréal,QC,Canada,H2G 1A7,16.83
345,50,2019-04-16,C/ San Bernardo 85,Madrid,None,Spain,28015,9.9
346,40,2019-04-17,8 Rue Hanovre,Paris,None,France,75002,5.94
347,44,2019-04-17,Porthaninkatu 9,Helsinki,None,Finland,530,3.96
348,35,2019-04-18,Rua dos Campeões Europeus de Viena 4350,Porto,None,Portugal,None,8.91
349,37,2019-04-21,Berger Straße 10,Frankfurt,None,Germany,60316,0.99
350,44,2019-04-21,Porthaninkatu 9,Helsinki,None,Finland,530,2.97
351,57,2019-04-23,Calle Lira 198,Santiago,None,Chile,None,9.9
352,10,2019-04-23,Rua Dr. Falcão Filho 155,São Paulo,SP,Brazil,01007-010,0.99
353,28,2019-04-28,302 S 700 E,Salt Lake City,UT,USA,84102,9.9
354,9,2019-05-02,Sønder Boulevard 51,Copenhagen,None,Denmark,1720,4.95
355,43,2019-05-04,68 Rue Jouvence,Dijon,None,France,21000,6.93
356,55,2019-05-04,421 Bourke Street,Sidney,NSW,Australia,2010,6.93
357,13,2019-05-08,Qe 7 Bloco G,Brasília,DF,Brazil,71020-677,2.97
358,19,2019-05-12,1 Infinite Loop,Cupertino,CA,USA,95014,6.93
359,43,2019-05-12,68 Rue Jouvence,Dijon,None,France,21000,8.91
360,45,2019-05-15,Erzsébet krt. 58.,Budapest,None,Hungary,H-1073,3.96
361,5,2019-05-18,Klanova 9/506,Prague,None,Czech Republic,14700,1.98
362,29,2019-05-24,796 Dundas Street West,Toronto,ON,Canada,M6J 1V1,19.8
363,38,2019-05-24,Barbarossastraße 19,Berlin,None,Germany,10779,2.97
364,26,2019-05-26,2211 W Berry Street,Fort Worth,TX,USA,76110,5.94
365,28,2019-05-27,302 S 700 E,Salt Lake City,UT,USA,84102,3.96
366,26,2019-05-27,2211 W Berry Street,Fort Worth,TX,USA,76110,8.91
367,40,2019-05-29,8 Rue Hanovre,Paris,None,France,75002,7.92
368,35,2019-05-30,Rua dos Campeões Europeus de Viena 4350,Porto,None,Portugal,None,1.98
369,50,2019-05-31,C/ San Bernardo 85,Madrid,None,Spain,28015,9.9
370,14,2019-06-01,8210 111 ST NW,Edmonton,AB,Canada,T6G 2C7,8.91
371,14,2019-06-01,8210 111 ST NW,Edmonton,AB,Canada,T6G 2C7,0.99
372,18,2019-06-01,627 Broadway,New York,NY,USA,10012-2612,13.86
373,39,2019-06-01,4 Rue Milton,Paris,None,France,75009,3.96
374,43,2019-06-03,68 Rue Jouvence,Dijon,None,France,21000,5.94
375,35,2019-06-05,Rua dos Campeões Europeus de Viena 4350,Porto,None,Portugal,None,8.91
376,5,2019-06-06,Klanova 9/506,Prague,None,Czech Republic,14700,3.96
377,28,2019-06-09,302 S 700 E,Salt Lake City,UT,USA,84102,2.97
378,48,2019-06-13,Lijnbaansgracht 120bg,Amsterdam,VV,Netherlands,1016,3.96
379,54,2019-06-13,110 Raeburn Pl,Edinburgh ,None,United Kingdom,EH4 1HH,11.88
380,56,2019-06-14,307 Macacha Güemes,Buenos Aires,None,Argentina,1106,9.9
381,56,2019-06-21,307 Macacha Güemes,Buenos Aires,None,Argentina,1106,12.87
382,48,2019-06-22,Lijnbaansgracht 120bg,Amsterdam,VV,Netherlands,1016,3.96
383,23,2019-07-03,69 Salem Street,Boston,MA,USA,2113,9.9
384,50,2019-07-10,C/ San Bernardo 85,Madrid,None,Spain,28015,10.89
385,42,2019-07-11,9 Place Louis Barthou,Bordeaux,None,France,33000,6.93
386,26,2019-07-12,2211 W Berry Street,Fort Worth,TX,USA,76110,4.95
387,6,2019-07-15,Rilská 3174/6,Prague,None,Czech Republic,14300,5.94
388,5,2019-07-16,Klanova 9/506,Prague,None,Czech Republic,14700,9.9
389,16,2019-07-18,1600 Amphitheatre Parkway,Mountain View,CA,USA,94043-1351,16.83
390,34,2019-07-19,Rua da Assunção 53,Lisbon,None,Portugal,None,2.97
391,30,2019-07-20,230 Elgin Street,Ottawa,ON,Canada,K2P 1L7,3.96
392,11,2019-07-24,Av. Paulista 2022,São Paulo,SP,Brazil,01310-200,7.92
393,17,2019-07-25,1 Microsoft Way,Redmond,WA,USA,98052-8300,10.89
394,31,2019-07-27,194A Chain Lake Drive,Halifax,NS,Canada,B3S 1C5,7.92
395,24,2019-07-28,162 E Superior Street,Chicago,IL,USA,60611,9.9
396,42,2019-07-29,9 Place Louis Barthou,Bordeaux,None,France,33000,8.91
397,36,2019-07-31,Tauentzienstraße 8,Berlin,None,Germany,10789,6.93
398,51,2019-08-03,Celsiusg. 9,Stockholm,None,Sweden,11230,16.83
399,51,2019-08-03,Celsiusg. 9,Stockholm,None,Sweden,11230,11.88
400,36,2019-08-06,Tauentzienstraße 8,Berlin,None,Germany,10789,3.96
401,46,2019-08-06,3 Chatham Street,Dublin,Dublin,Ireland,None,9.9
402,54,2019-08-09,110 Raeburn Pl,Edinburgh ,None,United Kingdom,EH4 1HH,8.91
403,54,2019-08-10,110 Raeburn Pl,Edinburgh ,None,United Kingdom,EH4 1HH,8.91
404,31,2019-08-13,194A Chain Lake Drive,Halifax,NS,Canada,B3S 1C5,13.86
405,6,2019-08-14,Rilská 3174/6,Prague,None,Czech Republic,14300,7.92
406,10,2019-08-15,Rua Dr. Falcão Filho 155,São Paulo,SP,Brazil,01007-010,1.98
407,57,2019-08-19,Calle Lira 198,Santiago,None,Chile,None,9.9
408,34,2019-08-20,Rua da Assunção 53,Lisbon,None,Portugal,None,5.94
409,48,2019-08-24,Lijnbaansgracht 120bg,Amsterdam,VV,Netherlands,1016,10.89
410,7,2019-08-27,Rotenturmstraße 4 1010 Innere Stadt,Vienne,None,Austria,1010,3.96
411,9,2019-08-27,Sønder Boulevard 51,Copenhagen,None,Denmark,1720,1.98
412,12,2019-08-28,Praça Pio X 119,Rio de Janeiro,RJ,Brazil,20040-020,7.92
413,47,2019-08-28,Via Degli Scipioni 43,Rome,RM,Italy,192,14.85
414,54,2019-08-30,110 Raeburn Pl,Edinburgh ,None,United Kingdom,EH4 1HH,9.9
415,54,2019-08-31,110 Raeburn Pl,Edinburgh ,None,United Kingdom,EH4 1HH,8.91
416,5,2019-08-31,Klanova 9/506,Prague,None,Czech Republic,14700,0.99
417,24,2019-09-01,162 E Superior Street,Chicago,IL,USA,60611,9.9
418,50,2019-09-01,C/ San Bernardo 85,Madrid,None,Spain,28015,0.99
419,3,2019-09-02,1498 rue Bélanger,Montréal,QC,Canada,H2G 1A7,9.9
420,20,2019-09-05,541 Del Medio Avenue,Mountain View,CA,USA,94040-111,9.9
421,48,2019-09-05,Lijnbaansgracht 120bg,Amsterdam,VV,Netherlands,1016,7.92
422,53,2019-09-07,113 Lupus St,London,None,United Kingdom,SW1V 3EN,6.93
423,21,2019-09-07,801 W 4th Street,Reno,NV,USA,89503,10.89
424,35,2019-09-09,Rua dos Campeões Europeus de Viena 4350,Porto,None,Portugal,None,1.98
425,14,2019-09-13,8210 111 ST NW,Edmonton,AB,Canada,T6G 2C7,0.99
426,37,2019-09-14,Berger Straße 10,Frankfurt,None,Germany,60316,4.95
427,55,2019-09-14,421 Bourke Street,Sidney,NSW,Australia,2010,14.85
428,43,2019-09-17,68 Rue Jouvence,Dijon,None,France,21000,3.96
429,5,2019-09-17,Klanova 9/506,Prague,None,Czech Republic,14700,10.89
430,55,2019-09-20,421 Bourke Street,Sidney,NSW,Australia,2010,1.98
431,8,2019-09-21,Grétrystraat 63,Brussels,None,Belgium,1000,9.9
432,32,2019-09-23,696 Osborne Street,Winnipeg,MB,Canada,R3L 2B9,1.98
433,33,2019-09-24,5112 48 Street,Yellowknife,NT,Canada,X1A 1N6,2.97
434,26,2019-09-27,2211 W Berry Street,Fort Worth,TX,USA,76110,9.9
435,38,2019-09-28,Barbarossastraße 19,Berlin,None,Germany,10779,5.94
436,17,2019-10-02,1 Microsoft Way,Redmond,WA,USA,98052-8300,5.94
437,54,2019-10-02,110 Raeburn Pl,Edinburgh ,None,United Kingdom,EH4 1HH,9.9
438,23,2019-10-04,69 Salem Street,Boston,MA,USA,2113,10.89
439,11,2019-10-08,Av. Paulista 2022,São Paulo,SP,Brazil,01310-200,6.93
440,45,2019-10-08,Erzsébet krt. 58.,Budapest,None,Hungary,H-1073,2.97
441,44,2019-10-26,Porthaninkatu 9,Helsinki,None,Finland,530,6.93
442,1,2019-11-05,Av. Brigadeiro Faria Lima 2170,São José dos Campos,SP,Brazil,12227-000,3.96
443,20,2019-11-07,541 Del Medio Avenue,Mountain View,CA,USA,94040-111,7.92
444,52,2019-11-08,202 Hoxton Street,London,None,United Kingdom,N1 5LH,8.91
445,40,2019-11-11,8 Rue Hanovre,Paris,None,France,75002,3.96
446,49,2019-11-19,Ordynacka 10,Warsaw,None,Poland,00-358,8.91
447,12,2019-11-23,Praça Pio X 119,Rio de Janeiro,RJ,Brazil,20040-020,10.89
448,18,2019-11-27,627 Broadway,New York,NY,USA,10012-2612,9.9
449,34,2019-11-27,Rua da Assunção 53,Lisbon,None,Portugal,None,16.83
450,55,2019-12-04,421 Bourke Street,Sidney,NSW,Australia,2010,6.93
451,46,2019-12-13,3 Chatham Street,Dublin,Dublin,Ireland,None,0.99
452,47,2019-12-18,Via Degli Scipioni 43,Rome,RM,Italy,192,7.92
453,31,2019-12-19,194A Chain Lake Drive,Halifax,NS,Canada,B3S 1C5,4.95
454,46,2019-12-21,3 Chatham Street,Dublin,Dublin,Ireland,None,14.85
455,28,2019-12-24,302 S 700 E,Salt Lake City,UT,USA,84102,4.95
456,13,2019-12-24,Qe 7 Bloco G,Brasília,DF,Brazil,71020-677,9.9
457,37,2019-12-25,Berger Straße 10,Frankfurt,None,Germany,60316,14.85
458,42,2019-12-26,9 Place Louis Barthou,Bordeaux,None,France,33000,0.99
459,50,2019-12-26,C/ San Bernardo 85,Madrid,None,Spain,28015,1.98
460,20,2019-12-28,541 Del Medio Avenue,Mountain View,CA,USA,94040-111,10.89
461,11,2019-12-29,Av. Paulista 2022,São Paulo,SP,Brazil,01310-200,7.92
462,7,2019-12-29,Rotenturmstraße 4 1010 Innere Stadt,Vienne,None,Austria,1010,8.91
463,34,2019-12-30,Rua da Assunção 53,Lisbon,None,Portugal,None,11.88
464,1,2019-12-31,Av. Brigadeiro Faria Lima 2170,São José dos Campos,SP,Brazil,12227-000,3.96
465,21,2020-01-12,801 W 4th Street,Reno,NV,USA,89503,6.93
466,30,2020-01-19,230 Elgin Street,Ottawa,ON,Canada,K2P 1L7,3.96
467,5,2020-01-20,Klanova 9/506,Prague,None,Czech Republic,14700,9.9
468,25,2020-01-22,319 N. Frances Street,Madison,WI,USA,53703,15.84
469,14,2020-01-28,8210 111 ST NW,Edmonton,AB,Canada,T6G 2C7,0.99
470,9,2020-01-29,Sønder Boulevard 51,Copenhagen,None,Denmark,1720,1.98
471,35,2020-01-30,Rua dos Campeões Europeus de Viena 4350,Porto,None,Portugal,None,0.99
472,7,2020-01-31,Rotenturmstraße 4 1010 Innere Stadt,Vienne,None,Austria,1010,2.97
473,58,2020-02-02,12Community Centre,Delhi,None,India,110017,3.96
474,4,2020-02-04,Ullevålsveien 14,Oslo,None,Norway,171,6.93
475,11,2020-02-06,Av. Paulista 2022,São Paulo,SP,Brazil,01310-200,7.92
476,6,2020-02-11,Rilská 3174/6,Prague,None,Czech Republic,14300,10.89
477,5,2020-02-15,Klanova 9/506,Prague,None,Czech Republic,14700,6.93
478,28,2020-02-21,302 S 700 E,Salt Lake City,UT,USA,84102,16.83
479,46,2020-02-21,3 Chatham Street,Dublin,Dublin,Ireland,None,16.83
480,44,2020-02-22,Porthaninkatu 9,Helsinki,None,Finland,530,9.9
481,43,2020-02-25,68 Rue Jouvence,Dijon,None,France,21000,3.96
482,10,2020-02-26,Rua Dr. Falcão Filho 155,São Paulo,SP,Brazil,01007-010,7.92
483,15,2020-02-29,700 W Pender Street,Vancouver,BC,Canada,V6C 1G8,4.95
484,47,2020-03-02,Via Degli Scipioni 43,Rome,RM,Italy,192,2.97
485,37,2020-03-05,Berger Straße 10,Frankfurt,None,Germany,60316,9.9
486,18,2020-03-05,627 Broadway,New York,NY,USA,10012-2612,8.91
487,27,2020-03-11,1033 N Park Ave,Tucson,AZ,USA,85719,9.9
488,7,2020-03-13,Rotenturmstraße 4 1010 Innere Stadt,Vienne,None,Austria,1010,13.86
489,43,2020-03-14,68 Rue Jouvence,Dijon,None,France,21000,2.97
490,19,2020-03-14,1 Infinite Loop,Cupertino,CA,USA,95014,8.91
491,51,2020-03-24,Celsiusg. 9,Stockholm,None,Sweden,11230,1.98
492,54,2020-03-25,110 Raeburn Pl,Edinburgh ,None,United Kingdom,EH4 1HH,4.95
493,41,2020-03-26,11 Place Bellecour,Lyon,None,France,69002,3.96
494,26,2020-03-31,2211 W Berry Street,Fort Worth,TX,USA,76110,9.9
495,10,2020-04-01,Rua Dr. Falcão Filho 155,São Paulo,SP,Brazil,01007-010,0.99
496,21,2020-04-01,801 W 4th Street,Reno,NV,USA,89503,7.92
497,34,2020-04-01,Rua da Assunção 53,Lisbon,None,Portugal,None,6.93
498,13,2020-04-02,Qe 7 Bloco G,Brasília,DF,Brazil,71020-677,3.96
499,17,2020-04-03,1 Microsoft Way,Redmond,WA,USA,98052-8300,9.9
500,36,2020-04-07,Tauentzienstraße 8,Berlin,None,Germany,10789,8.91
501,11,2020-04-09,Av. Paulista 2022,São Paulo,SP,Brazil,01310-200,12.87
502,53,2020-04-10,113 Lupus St,London,None,United Kingdom,SW1V 3EN,3.96
503,39,2020-04-11,4 Rue Milton,Paris,None,France,75009,9.9
504,6,2020-04-12,Rilská 3174/6,Prague,None,Czech Republic,14300,10.89
505,19,2020-04-14,1 Infinite Loop,Cupertino,CA,USA,95014,0.99
506,58,2020-04-14,12Community Centre,Delhi,None,India,110017,15.84
507,2,2020-04-20,Theodor-Heuss-Straße 34,Stuttgart,None,Germany,70174,0.99
508,38,2020-04-22,Barbarossastraße 19,Berlin,None,Germany,10779,8.91
509,48,2020-04-27,Lijnbaansgracht 120bg,Amsterdam,VV,Netherlands,1016,6.93
510,25,2020-04-28,319 N. Frances Street,Madison,WI,USA,53703,9.9
511,24,2020-05-01,162 E Superior Street,Chicago,IL,USA,60611,6.93
512,43,2020-05-02,68 Rue Jouvence,Dijon,None,France,21000,8.91
513,41,2020-05-03,11 Place Bellecour,Lyon,None,France,69002,10.89
514,25,2020-05-14,319 N. Frances Street,Madison,WI,USA,53703,2.97
515,23,2020-05-15,69 Salem Street,Boston,MA,USA,2113,2.97
516,23,2020-05-16,69 Salem Street,Boston,MA,USA,2113,1.98
517,3,2020-05-16,1498 rue Bélanger,Montréal,QC,Canada,H2G 1A7,8.91
518,22,2020-05-22,120 S Orange Ave,Orlando,FL,USA,32801,1.98
519,32,2020-05-22,696 Osborne Street,Winnipeg,MB,Canada,R3L 2B9,6.93
520,5,2020-05-26,Klanova 9/506,Prague,None,Czech Republic,14700,9.9
521,13,2020-05-27,Qe 7 Bloco G,Brasília,DF,Brazil,71020-677,3.96
522,22,2020-05-27,120 S Orange Ave,Orlando,FL,USA,32801,7.92
523,50,2020-05-29,C/ San Bernardo 85,Madrid,None,Spain,28015,7.92
524,41,2020-06-01,11 Place Bellecour,Lyon,None,France,69002,4.95
525,30,2020-06-02,230 Elgin Street,Ottawa,ON,Canada,K2P 1L7,9.9
526,5,2020-06-08,Klanova 9/506,Prague,None,Czech Republic,14700,19.8
527,57,2020-06-09,Calle Lira 198,Santiago,None,Chile,None,10.89
528,50,2020-06-10,C/ San Bernardo 85,Madrid,None,Spain,28015,15.84
529,24,2020-06-12,162 E Superior Street,Chicago,IL,USA,60611,13.86
530,14,2020-06-22,8210 111 ST NW,Edmonton,AB,Canada,T6G 2C7,0.99
531,44,2020-06-22,Porthaninkatu 9,Helsinki,None,Finland,530,11.88
532,13,2020-06-23,Qe 7 Bloco G,Brasília,DF,Brazil,71020-677,13.86
533,11,2020-06-24,Av. Paulista 2022,São Paulo,SP,Brazil,01310-200,12.87
534,10,2020-06-25,Rua Dr. Falcão Filho 155,São Paulo,SP,Brazil,01007-010,5.94
535,56,2020-07-05,307 Macacha Güemes,Buenos Aires,None,Argentina,1106,0.99
536,1,2020-07-06,Av. Brigadeiro Faria Lima 2170,São José dos Campos,SP,Brazil,12227-000,5.94
537,12,2020-07-07,Praça Pio X 119,Rio de Janeiro,RJ,Brazil,20040-020,7.92
538,31,2020-07-10,194A Chain Lake Drive,Halifax,NS,Canada,B3S 1C5,8.91
539,46,2020-07-12,3 Chatham Street,Dublin,Dublin,Ireland,None,0.99
540,37,2020-07-12,Berger Straße 10,Frankfurt,None,Germany,60316,10.89
541,58,2020-07-15,12Community Centre,Delhi,None,India,110017,2.97
542,34,2020-07-18,Rua da Assunção 53,Lisbon,None,Portugal,None,10.89
543,17,2020-07-23,1 Microsoft Way,Redmond,WA,USA,98052-8300,2.97
544,1,2020-07-24,Av. Brigadeiro Faria Lima 2170,São José dos Campos,SP,Brazil,12227-000,8.91
545,33,2020-07-26,5112 48 Street,Yellowknife,NT,Canada,X1A 1N6,7.92
546,32,2020-07-30,696 Osborne Street,Winnipeg,MB,Canada,R3L 2B9,6.93
547,41,2020-08-01,11 Place Bellecour,Lyon,None,France,69002,9.9
548,30,2020-08-02,230 Elgin Street,Ottawa,ON,Canada,K2P 1L7,10.89
549,2,2020-08-10,Theodor-Heuss-Straße 34,Stuttgart,None,Germany,70174,10.89
550,42,2020-08-12,9 Place Louis Barthou,Bordeaux,None,France,33000,9.9
551,16,2020-08-18,1600 Amphitheatre Parkway,Mountain View,CA,USA,94043-1351,10.89
552,30,2020-08-19,230 Elgin Street,Ottawa,ON,Canada,K2P 1L7,5.94
553,7,2020-08-26,Rotenturmstraße 4 1010 Innere Stadt,Vienne,None,Austria,1010,4.95
554,30,2020-08-27,230 Elgin Street,Ottawa,ON,Canada,K2P 1L7,8.91
555,55,2020-09-04,421 Bourke Street,Sidney,NSW,Australia,2010,1.98
556,21,2020-09-04,801 W 4th Street,Reno,NV,USA,89503,10.89
557,2,2020-09-08,Theodor-Heuss-Straße 34,Stuttgart,None,Germany,70174,9.9
558,17,2020-09-11,1 Microsoft Way,Redmond,WA,USA,98052-8300,10.89
559,32,2020-09-11,696 Osborne Street,Winnipeg,MB,Canada,R3L 2B9,5.94
560,5,2020-09-11,Klanova 9/506,Prague,None,Czech Republic,14700,8.91
561,23,2020-09-12,69 Salem Street,Boston,MA,USA,2113,6.93
562,27,2020-09-17,1033 N Park Ave,Tucson,AZ,USA,85719,8.91
563,5,2020-09-19,Klanova 9/506,Prague,None,Czech Republic,14700,1.98
564,15,2020-09-20,700 W Pender Street,Vancouver,BC,Canada,V6C 1G8,5.94
565,53,2020-09-23,113 Lupus St,London,None,United Kingdom,SW1V 3EN,9.9
566,37,2020-09-27,Berger Straße 10,Frankfurt,None,Germany,60316,4.95
567,15,2020-09-27,700 W Pender Street,Vancouver,BC,Canada,V6C 1G8,7.92
568,35,2020-10-01,Rua dos Campeões Europeus de Viena 4350,Porto,None,Portugal,None,6.93
569,47,2020-10-06,Via Degli Scipioni 43,Rome,RM,Italy,192,0.99
570,52,2020-10-07,202 Hoxton Street,London,None,United Kingdom,N1 5LH,2.97
571,51,2020-10-09,Celsiusg. 9,Stockholm,None,Sweden,11230,2.97
572,34,2020-10-13,Rua da Assunção 53,Lisbon,None,Portugal,None,4.95
573,27,2020-10-16,1033 N Park Ave,Tucson,AZ,USA,85719,10.89
574,49,2020-10-17,Ordynacka 10,Warsaw,None,Poland,00-358,10.89
575,15,2020-10-19,700 W Pender Street,Vancouver,BC,Canada,V6C 1G8,3.96
576,45,2020-10-19,Erzsébet krt. 58.,Budapest,None,Hungary,H-1073,5.94
577,28,2020-10-20,302 S 700 E,Salt Lake City,UT,USA,84102,8.91
578,25,2020-10-21,319 N. Frances Street,Madison,WI,USA,53703,11.88
579,6,2020-10-23,Rilská 3174/6,Prague,None,Czech Republic,14300,10.89
580,24,2020-10-25,162 E Superior Street,Chicago,IL,USA,60611,9.9
581,32,2020-10-26,696 Osborne Street,Winnipeg,MB,Canada,R3L 2B9,13.86
582,5,2020-10-30,Klanova 9/506,Prague,None,Czech Republic,14700,17.82
583,22,2020-10-30,120 S Orange Ave,Orlando,FL,USA,32801,10.89
584,30,2020-10-31,230 Elgin Street,Ottawa,ON,Canada,K2P 1L7,0.99
585,40,2020-10-31,8 Rue Hanovre,Paris,None,France,75002,8.91
586,55,2020-11-01,421 Bourke Street,Sidney,NSW,Australia,2010,10.89
587,12,2020-11-07,Praça Pio X 119,Rio de Janeiro,RJ,Brazil,20040-020,1.98
588,5,2020-11-12,Klanova 9/506,Prague,None,Czech Republic,14700,0.99
589,41,2020-11-12,11 Place Bellecour,Lyon,None,France,69002,10.89
590,51,2020-11-17,Celsiusg. 9,Stockholm,None,Sweden,11230,8.91
591,16,2020-11-20,1600 Amphitheatre Parkway,Mountain View,CA,USA,94043-1351,6.93
592,2,2020-11-21,Theodor-Heuss-Straße 34,Stuttgart,None,Germany,70174,7.92
593,12,2020-11-23,Praça Pio X 119,Rio de Janeiro,RJ,Brazil,20040-020,10.89
594,31,2020-11-24,194A Chain Lake Drive,Halifax,NS,Canada,B3S 1C5,2.97
595,23,2020-11-27,69 Salem Street,Boston,MA,USA,2113,7.92
596,42,2020-11-27,9 Place Louis Barthou,Bordeaux,None,France,33000,5.94
597,13,2020-11-28,Qe 7 Bloco G,Brasília,DF,Brazil,71020-677,6.93
598,26,2020-12-04,2211 W Berry Street,Fort Worth,TX,USA,76110,4.95
599,59,2020-12-06,3Raj Bhavan Road,Bangalore,None,India,560001,7.92
600,29,2020-12-08,796 Dundas Street West,Toronto,ON,Canada,M6J 1V1,4.95
601,44,2020-12-08,Porthaninkatu 9,Helsinki,None,Finland,530,10.89
602,21,2020-12-09,801 W 4th Street,Reno,NV,USA,89503,6.93
603,26,2020-12-10,2211 W Berry Street,Fort Worth,TX,USA,76110,4.95
604,46,2020-12-12,3 Chatham Street,Dublin,Dublin,Ireland,None,17.82
605,35,2020-12-17,Rua dos Campeões Europeus de Viena 4350,Porto,None,Portugal,None,3.96
606,15,2020-12-18,700 W Pender Street,Vancouver,BC,Canada,V6C 1G8,11.88
607,59,2020-12-19,3Raj Bhavan Road,Bangalore,None,India,560001,4.95
608,49,2020-12-20,Ordynacka 10,Warsaw,None,Poland,00-358,0.99
609,14,2020-12-20,8210 111 ST NW,Edmonton,AB,Canada,T6G 2C7,2.97
610,55,2020-12-21,421 Bourke Street,Sidney,NSW,Australia,2010,6.93
611,52,2020-12-27,202 Hoxton Street,London,None,United Kingdom,N1 5LH,1.98
612,33,2020-12-27,5112 48 Street,Yellowknife,NT,Canada,X1A 1N6,11.88
613,20,2020-12-29,541 Del Medio Avenue,Mountain View,CA,USA,94040-111,8.91
614,53,2020-12-30,113 Lupus St,London,None,United Kingdom,SW1V 3EN,12.87
